Receiver_ID,Name,Type,City,Contact,Type_Code,City_Name_Length,Contact_Length
1,Donald Gomez,Shelter,Port Carlburgh,955922-5295,3,14,11
2,Laurie Ramos,Individual,Lewisburgh,7610421570,1,10,10
3,Ashley Mckee,Ngo,South Randalltown,691-023-0094x856,2,17,16
4,Erika Rose,Ngo,South Shaneville,8296491111,2,16,10
5,John Romero,Individual,Bakerport,0674910154,1,9,10
6,Mandy Sutton Phd,Shelter,East Sharimouth,682-777-5357,3,15,12
7,Kenneth Baker,Ngo,South Edwinborough,126-645-6386x4071,2,18,17
8,James Perez,Charity,Benjaminburgh,+1-986-748-6688,0,13,15
9,Emily Turner,Shelter,West Robert,001-631-022-6157x520,3,11,20
10,Mary Salazar,Ngo,Wrightland,001-187-333-7518x11395,2,10,22
11,Amber Pacheco,Individual,South Gregorymouth,+1-155-960-7276,1,18,15
12,Jennifer Bishop,Ngo,Katherineside,+1-801-363-6355x49805,2,13,21
13,Jamie Sutton,Shelter,Lake Matthewstad,001-176-847-8920x2687,3,16,21
14,Brian Fischer,Shelter,Burkeside,947-041-3246x326,3,9,16
15,Donald Kelly,Ngo,Port Ronald,935798-5303,2,11,11
16,Elizabeth Lewis,Ngo,Port Tara,5003863867x7565,2,9,15
17,Melissa Castillo,Ngo,Silvaport,699232-9544,2,9,11
18,Lisa Williams,Ngo,Moranhaven,360-505-5780x95688,2,10,18
19,Courtney Sanders,Ngo,North Cynthiaberg,001-083-754-0501,2,17,16
20,George Palmer,Ngo,Sandrahaven,7448386083,2,11,10
21,Emily Davidson,Ngo,Jonesside,001-893-473-0769x51510,2,9,22
22,Kristina Meza,Shelter,Lake Nicole,+1-125-160-0319,3,11,15
23,Kurt Ward,Individual,Aliciabury,479-035-9976x19919,1,10,18
24,Tammy Moore,Individual,Monicafort,7211055278,1,10,10
25,Lisa Mcclain,Ngo,Lake Elizabeth,292-153-9082x59361,2,14,18
26,Kimberly Lindsey,Charity,Port Matthewmouth,+1-979-511-1434x565,0,17,19
27,Johnny Page,Ngo,Susanfurt,2519222940,2,9,10
28,Mary Franklin,Individual,Courtneyfurt,001-046-188-9986x12178,1,12,22
29,Nicholas Robinson,Ngo,Lake Kendra,930-104-8973x8326,2,11,17
30,Bruce Sanchez,Shelter,North Heather,5984591819x6171,3,13,15
31,Rose Powell,Ngo,Spencermouth,247-152-7297x648,2,12,16
32,Audrey Perez,Individual,Taylorfort,637-025-7736,1,10,12
33,Anita Kerr,Ngo,Walshfort,568992-9509,2,9,11
34,Megan Alvarez,Individual,North Robert,6244329386,1,12,10
35,James Castaneda,Shelter,South Rachaelhaven,932-277-2945x55052,3,18,18
36,Teresa Davis,Charity,Olsonville,001-737-507-3051x34768,0,10,22
37,Angel Adams,Shelter,West Erik,+1-785-849-9596x994,3,9,19
38,Alexander Mullins,Charity,Josephview,248481-7680,0,10,11
39,John Ramirez,Shelter,Moorechester,859701-8773,3,12,11
40,Abigail Davis,Individual,West Carrie,307825-3197,1,11,11
41,Julia Elliott,Shelter,Port Kellyburgh,+1-613-882-6551x33036,3,15,21
42,Maria Jacobs,Ngo,Port Dawntown,225019-8954,2,13,11
43,Bobby Perry,Charity,Amberfort,020628-9733x57055,0,9,17
44,Andrew Lawson,Shelter,Davisborough,6225667870,3,12,10
45,Derek Potter,Charity,South Laurachester,497-372-7517x026,0,18,16
46,Kevin Lee,Charity,East Teresahaven,3542538089,0,16,10
47,Taylor Dean,Shelter,Moorechester,297-100-5658,3,12,12
48,Jennifer Graham,Individual,East Saraport,001-979-746-0394x487,1,13,20
49,Gabriel Nicholson,Charity,South Tonyaborough,030-052-3339x1285,0,18,17
50,Brian Gonzales,Ngo,North Sarah,001-241-438-2803x907,2,11,20
51,Timothy Clark,Charity,Port Johnchester,217-662-1143x941,0,16,16
52,Cheryl Dillon,Ngo,Hornemouth,3501461578,2,10,10
53,Cassandra Owens,Shelter,Tomburgh,001-813-193-7735x105,3,8,20
54,Veronica Howard,Ngo,Higginsmouth,517632-2362x07333,2,12,17
55,Erika Rodriguez,Shelter,Larastad,001-732-132-0041x81457,3,8,22
56,Deborah Smith,Individual,Jasonshire,9960394276x36961,1,10,16
57,Christopher Lozano,Individual,New Mary,217-827-0862,1,8,12
58,Julia Madden,Shelter,Michaelton,321207-8844,3,10,11
59,Alicia Thomas,Charity,Lake Mary,604320-0347x3019,0,9,16
60,Jessica Rivas,Ngo,Phillipborough,351-783-1595x022,2,14,16
61,John Vazquez,Charity,South Kathleenbury,237065-6422x5123,0,18,16
62,Nichole Lewis,Ngo,North Catherinefurt,777-445-5269x5255,2,19,17
63,David Turner,Charity,East William,4456052297,0,12,10
64,Debra Sheppard,Shelter,North Darinshire,001-726-678-1689,3,16,16
65,Cody Gardner,Ngo,Port Belinda,565395-0421x232,2,12,15
66,Jade Jackson,Individual,West Jaclyn,098-158-2253x172,1,11,16
67,Rodney Walker,Shelter,Strongshire,001-833-385-7777x5891,3,11,21
68,Wesley Thompson,Charity,Edwardburgh,+1-901-255-2891x97537,0,11,21
69,Scott Brown,Ngo,East Dylan,302-197-9398x95559,2,10,18
70,Carolyn Whitaker,Individual,Gregoryville,6651783261,1,12,10
71,Timothy Daniel,Charity,New Gloriaburgh,001-562-181-9662x9861,0,15,21
72,Charles Davidson,Shelter,West Angelatown,+1-294-698-2957,3,15,15
73,Kimberly Mills,Ngo,Christineton,288-821-5439,2,12,12
74,Patricia Smith,Ngo,Laurafurt,220453-5600,2,9,11
75,Nicholas Smith,Charity,Manningtown,+1-605-970-1115,0,11,15
76,Anna Lopez,Individual,North Jenniferside,001-805-624-5306,1,18,16
77,Juan Spencer,Individual,North David,+1-144-242-7963x89583,1,11,21
78,Aaron Davis,Shelter,Marshallton,2310820755,3,11,10
79,Meagan Ramirez,Charity,Angelaville,001-671-666-7691x55556,0,11,22
80,Eric Jackson,Individual,Knightburgh,7326023388,1,11,10
81,Theresa Ramirez,Ngo,Port Gregoryport,+1-582-895-7478x325,2,16,19
82,Laura Bennett,Ngo,Evansside,379719-1693x40160,2,9,17
83,Julie Hines,Ngo,Davidview,143-601-6545x48405,2,9,18
84,Deanna Lewis,Ngo,East Kelli,0938550061,2,10,10
85,Jeffery Mueller,Charity,Lake John,3024932900,0,9,10
86,Jessica Grant,Charity,Smithshire,6011321809x716,0,10,14
87,Tammy Walker Md,Charity,West Ronaldland,982044-7177,0,15,11
88,Eric Ryan Dds,Ngo,Lake Daniel,001-677-794-6847x02126,2,11,22
89,Mr. David Lambert,Individual,Robinsonside,929841-1999,1,12,11
90,Alvin West,Shelter,Kellybury,417314-8724,3,9,11
91,Ashley James,Charity,Garrettborough,192-784-7581x225,0,14,16
92,Bridget Peterson,Ngo,Greenton,509037-6331x927,2,8,15
93,Allison Bray,Individual,Alexatown,001-122-277-3588,1,9,16
94,Timothy Patel Dvm,Charity,New Jessica,+1-046-832-9667x841,0,11,19
95,Anthony Green,Ngo,Laurafort,001-706-024-9230x5313,2,9,21
96,Michael Walls,Individual,Carterside,650-930-7741,1,10,12
97,Nathan May,Charity,South Veronicaburgh,808784-9354,0,19,11
98,Brian Cowan,Individual,Henryhaven,234142-1265x21005,1,10,17
99,Nancy Silva,Individual,Russellville,9292213591x105,1,12,14
100,Melissa Little,Ngo,Robertaborough,250263-7746x235,2,14,15
101,Nicole Reid,Shelter,Hollytown,8085646895,3,9,10
102,Daniel Burton,Individual,North Matthewhaven,9722844190x487,1,18,14
103,Karen Cruz,Individual,West Justin,500583-5978,1,11,11
104,Victor Reyes,Charity,North Joshuafort,+1-411-230-8872x5335,0,16,20
105,Trevor Wilson,Ngo,North Pamela,001-651-719-1403x4050,2,12,21
106,David Johnson,Individual,Lake Rebecca,035-019-0294,1,12,12
107,Jessica Morris,Ngo,Port Elizabethton,137776-1761,2,17,11
108,Suzanne Dawson,Ngo,East Josephstad,+1-682-159-2143x3841,2,15,20
109,Rachel Nguyen,Ngo,Theresamouth,040545-2043,2,12,11
110,Karla Castillo,Ngo,Lake Michaelton,192-811-2685x97518,2,15,18
111,Deanna Flores,Ngo,West Johnny,6692949581,2,11,10
112,Brady Lopez,Individual,Michaeltown,8312755906x807,1,11,14
113,Jonathan Young,Shelter,Georgeborough,164-864-1786x77029,3,13,18
114,John Chase,Ngo,Meganton,5304246470x4854,2,8,15
115,Anthony Carter,Shelter,Scottmouth,499726-7360,3,10,11
116,Mark Lee,Individual,Port Teresa,001-983-757-6830x086,1,11,20
117,Kelly Pierce,Shelter,East Heatherborough,5172321717,3,19,10
118,Matthew Tran,Charity,South Franciscoport,5831441560x457,0,19,14
119,Jasmine Robertson,Individual,Deanview,001-388-078-6769x4237,1,8,21
120,Matthew Ramos,Shelter,Kennethberg,503563-9703x9449,3,11,16
121,Gavin Freeman,Ngo,Ayalamouth,7826814168,2,10,10
122,Drew Cline,Ngo,Port Patriciachester,517-828-7715,2,20,12
123,Teresa Williams,Charity,South Alexandraport,673228-8829x64732,0,19,17
124,Marie Andrade,Charity,Meghanfort,314-096-2823,0,10,12
125,Tammy Smith,Individual,Campbellchester,001-668-537-1925x410,1,15,20
126,Heather Brown,Ngo,North Lori,836116-1365x8718,2,10,16
127,Hayden Hill,Ngo,North Roger,1431125754,2,11,10
128,Sarah Carter,Charity,New Benjamin,001-513-018-5852,0,12,16
129,Denise Martinez,Charity,Drakeburgh,463887-8557x617,0,10,15
130,Matthew Hughes,Charity,Marieview,468-431-4471,0,9,12
131,Shawn Mills,Charity,Jeffhaven,+1-951-192-1790,0,9,15
132,Katherine Gomez,Charity,South Jasonberg,609802-2108x3673,0,15,16
133,Robert Johnson,Ngo,West James,301-749-5770,2,10,12
134,Emily Christian,Individual,Marcusberg,724629-2189x533,1,10,15
135,Jeanne Spencer,Shelter,Huntermouth,987-474-6001x775,3,11,16
136,Katherine Murphy,Ngo,New Elaine,0675064790,2,10,10
137,James Jones,Ngo,Bakerfort,1224216342,2,9,10
138,Christina Potter,Ngo,Phillipsbury,+1-366-144-4542x657,2,12,19
139,Charles Martin,Ngo,New Christopher,586009-0817x964,2,15,15
140,Kristin Scott,Shelter,North Christina,5989059117,3,15,10
141,Christine Gray,Individual,Dawnview,001-466-538-0401,1,8,16
142,Melody Good,Ngo,Wilsonfort,8802732716,2,10,10
143,Amanda Hendricks,Shelter,Nancyshire,0094941313,3,10,10
144,Jennifer Nelson,Individual,North Paul,613802-7241x644,1,10,15
145,David Hull,Shelter,Tanyachester,1398046633,3,12,10
146,John Cummings,Individual,Joshuamouth,1344646051,1,11,10
147,Sara Wise,Ngo,New Shannonbury,086-773-6881x8590,2,15,17
148,Robert Simon,Ngo,North Amandafort,172646-7107x977,2,16,15
149,Nathan Willis,Ngo,Danielfort,8303189696x322,2,10,14
150,Kelly Howe,Charity,Davidmouth,0960593098x621,0,10,14
151,Lisa Eaton,Shelter,New Aimeemouth,3428696733,3,14,10
152,Jasmine Miranda,Individual,Caseyland,9135094800x3395,1,9,15
153,Jason Holmes,Individual,Williamtown,+1-865-533-0612x9768,1,11,20
154,Thomas Johnson,Shelter,Lake Victoriaport,6267945876,3,17,10
155,Christopher Kennedy,Shelter,Patriciaton,509-179-8044,3,11,12
156,Corey Mitchell,Charity,Jacobsmouth,001-392-115-8557x9367,0,11,21
157,Jason Davis,Individual,Charleston,523-114-6883,1,10,12
158,Gregory Murphy,Individual,South Ashley,090319-2480,1,12,11
159,Angela Cortez,Ngo,Lisaton,+1-685-216-4851x71780,2,7,21
160,Tracy Hartman,Charity,South Jill,+1-947-203-9101,0,10,15
161,Mary Nguyen,Charity,Mcclurestad,+1-453-182-2743x789,0,11,19
162,Douglas Baxter,Individual,Amandaville,+1-139-598-2308x18363,1,11,21
163,Jennifer Anderson,Charity,Daleshire,+1-073-375-4139,0,9,15
164,Aaron Scott,Charity,Heatherfurt,075863-3168x28937,0,11,17
165,Danielle Bailey,Shelter,East Sarahtown,326806-0927x09574,3,14,17
166,Danielle Willis,Charity,Ginamouth,8704583747x34840,0,9,16
167,Erica Fox,Charity,West Shawn,001-029-918-8786x2118,0,10,21
168,Kayla Johnson,Shelter,East Timhaven,7865345065,3,13,10
169,Jon Stanton,Charity,Nguyenfurt,467-723-2786x8881,0,10,17
170,Adam Browning,Charity,Port Erica,1965969067,0,10,10
171,Suzanne Velasquez,Ngo,Joanchester,305672-4633x961,2,11,15
172,Nicole Brown,Charity,Thomaston,216-121-6760,0,9,12
173,Jason Moore,Ngo,West Courtneyport,9134685154x18139,2,17,16
174,Matthew Johnson,Individual,Smithstad,2858590597,1,9,10
175,Stephanie Hoffman,Individual,New Tiffany,972598-5363x199,1,11,15
176,Brendan Farley,Ngo,Nicoleport,3763303007,2,10,10
177,Tonya Lucas,Ngo,Robertsonchester,+1-913-542-6523x9521,2,16,20
178,Deanna Jarvis,Shelter,Port Emilymouth,799565-8611,3,15,11
179,Adam Hodge,Charity,West Krystalview,+1-163-751-5462x947,0,16,19
180,Michelle Cook,Shelter,Peterhaven,412902-4858,3,10,11
181,Paul Evans,Ngo,Smithshire,3222400397,2,10,10
182,Troy Miller,Charity,Seanside,8901485867,0,8,10
183,Nicole Walker,Individual,Thomasland,001-617-475-6913x02561,1,10,22
184,Matthew Sanchez,Individual,Port Melissa,001-715-920-1622x23981,1,12,22
185,Shannon Pineda,Individual,Lake Amanda,129-249-0893x786,1,11,16
186,John Massey,Shelter,Heathertown,4995907798,3,11,10
187,Amy Thomas,Shelter,Lake Erica,+1-215-295-0597x4795,3,10,20
188,Tina Ingram,Charity,Angelicatown,+1-967-134-3646x12054,0,12,21
189,Stephen Smith,Individual,Maxberg,690326-1349x605,1,7,15
190,Maria Jackson,Charity,North Shelby,0160416963x060,0,12,14
191,Brent Anderson,Shelter,New Seanburgh,2254787600,3,13,10
192,Rhonda King,Individual,Toddborough,367-958-5492,1,11,12
193,Jesse Brown,Charity,Figueroaport,001-481-425-0706x82893,0,12,22
194,Alan Campbell,Ngo,Shawmouth,942807-0793x71978,2,9,17
195,John Martin,Charity,New Jason,581-174-6644x358,0,9,16
196,Tara Bauer,Charity,Port Dustin,709935-2878,0,11,11
197,Deanna James,Shelter,East Tinamouth,839-100-6940x3681,3,14,17
198,Scott Anderson,Individual,East Teresamouth,7332968887,1,16,10
199,Ashley Rivers,Individual,East Sharon,+1-988-051-2193x6577,1,11,20
200,Nicole Williams,Ngo,East Jillian,+1-785-780-7784x633,2,12,19
201,Calvin Lucas,Individual,Corybury,4177309502,1,8,10
202,Veronica Coleman,Ngo,North Mario,096512-5528x76619,2,11,17
203,Vincent Matthews,Shelter,Allenmouth,0335998576,3,10,10
204,Rachel Thomas,Individual,North Lindachester,417873-5848x16786,1,18,17
205,Kimberly Wilkins,Charity,West Casey,3783162949,0,10,10
206,Ashley Brooks,Individual,Ramseystad,4288209314,1,10,10
207,Nicholas Holloway,Shelter,South Kendraville,719-821-9201,3,17,12
208,Michael Flores,Charity,Andrewmouth,+1-972-682-8043x628,0,11,19
209,Gina Payne,Individual,Steveberg,960884-6634x1029,1,9,16
210,Tara Mcmahon,Ngo,South Anna,283-528-8473,2,10,12
211,Judy Griffith,Charity,Baileyville,+1-255-391-6382x12809,0,11,21
212,Ronald Gonzalez,Shelter,Stevenmouth,+1-946-378-3210x0415,3,11,20
213,Kelly Barber,Ngo,Emilymouth,259-420-4088x04690,2,10,18
214,Corey Rodriguez,Ngo,New Roseville,+1-866-544-7425x907,2,13,19
215,Mr. Matthew Johnson Dds,Charity,Port Stephen,1733110659,0,12,10
216,Morgan Massey,Charity,West Amybury,929-286-6902,0,12,12
217,Kelsey Holloway Dds,Charity,Ashleyborough,300705-1978x78749,0,13,17
218,Corey Lamb,Charity,New Daniel,882-893-9920,0,10,12
219,Alex Rogers,Charity,Lake Austinmouth,+1-017-613-1019,0,16,15
220,Cassandra Mendoza,Ngo,Dantown,2612673922,2,7,10
221,Rebecca Goodman,Shelter,Robinsonland,392221-8538x523,3,12,15
222,Stephanie Jones,Shelter,West Aaronport,001-029-940-1111,3,14,16
223,David Henderson,Charity,Hallside,976946-9613,0,8,11
224,Franklin Kelley,Charity,East Jacob,2077678809,0,10,10
225,Joseph Bowman,Ngo,West Jessica,001-363-434-2847x24463,2,12,22
226,Daniel Kerr,Charity,Fergusonton,548955-9384x8406,0,11,16
227,Samuel Hodge,Ngo,Port Maria,302-463-7516,2,10,12
228,Joanna Wilkins,Charity,Singletonview,796888-1488,0,13,11
229,Tina Watkins,Shelter,Bushview,7774795306,3,8,10
230,Nathaniel Moreno,Ngo,Poolestad,816818-9063x631,2,9,15
231,Christopher Barrett,Charity,Port Brianville,+1-099-740-1254x66035,0,15,21
232,David Smith,Charity,Davidshire,1064657709,0,10,10
233,Alicia Porter,Charity,Port Ericmouth,001-652-614-2884x66578,0,14,22
234,Keith Atkinson,Charity,Lake Julia,686-968-4161x069,0,10,16
235,Megan Freeman,Ngo,Rogerburgh,+1-510-274-6183x0559,2,10,20
236,Duane Burnett,Charity,New Derek,001-590-114-4533x323,0,9,20
237,Cathy Adams,Shelter,West Josephshire,269-061-4726,3,16,12
238,Kendra Krause,Ngo,Davisburgh,450032-0502,2,10,11
239,Lindsay Garcia,Ngo,North Kimberlyport,0722151225,2,18,10
240,Ronald Miller,Shelter,Edwardsside,0180633263,3,11,10
241,Elizabeth Dunn,Charity,Wilsonfurt,069221-0114,0,10,11
242,Matthew Pearson,Ngo,Garciaview,6212235497,2,10,10
243,Alexis Smith,Ngo,West Vickie,001-272-079-3939x93350,2,11,22
244,Jason Ramos,Shelter,Carolhaven,1460140992x777,3,10,14
245,Rebecca Sanchez,Shelter,New Craig,586-413-7361,3,9,12
246,Kristi Wagner,Shelter,Lake Darrellburgh,264-255-1562,3,17,12
247,John Mitchell,Charity,Aaronshire,001-095-184-7835,0,10,16
248,Victoria Lee,Charity,New Abigail,979-786-2359x15290,0,11,18
249,Zachary Lewis,Charity,Lake Kelli,0318694632,0,10,10
250,Jamie Ferguson,Charity,Jenniferberg,001-052-150-4048x243,0,12,20
251,Sarah Hodges,Ngo,Martinland,001-016-163-1445,2,10,16
252,Angela Dunlap,Individual,New Julian,8542032129,1,10,10
253,Adam Pittman,Ngo,West Christiantown,4559151588x8706,2,18,15
254,Felicia Wilkinson,Shelter,Williamsfort,4034230469,3,12,10
255,Walter Myers,Individual,New Tina,+1-285-278-8381x0454,1,8,20
256,Derek Wilson,Individual,Christopherland,+1-963-859-7585x002,1,15,19
257,David Bryant,Shelter,South Amy,434-290-3119x1927,3,9,17
258,Scott Grant,Individual,Port Samantha,001-691-849-8860x97955,1,13,22
259,Aimee Stone,Ngo,Barnesport,104-394-7041x83013,2,10,18
260,Patricia White,Charity,Lake Jessicaborough,434635-4716x587,0,19,15
261,Maria Lang,Ngo,East Moniquemouth,795261-1223x445,2,17,15
262,Autumn Reed,Ngo,East John,+1-001-202-0048,2,9,15
263,Ann Mcclure,Shelter,West Johnmouth,3357769231,3,14,10
264,Sandra Townsend Dvm,Ngo,West Kelly,+1-135-886-0842x42924,2,10,21
265,Rebecca May,Individual,Murrayview,783144-3726,1,10,11
266,Stacy Mayo,Shelter,Bauerton,+1-364-925-2936x855,3,8,19
267,Randall Robbins,Shelter,Dylanton,+1-382-112-6000,3,8,15
268,Steven Morton Jr.,Shelter,Kellybury,884503-7406,3,9,11
269,Mrs. Paula Jones,Individual,Emilymouth,935377-2742x36543,1,10,17
270,Darlene Fernandez,Shelter,Monicaton,0792874429,3,9,10
271,Mark Hartman,Individual,East Ashleyshire,818-015-1582,1,16,12
272,Walter Carter,Shelter,Brianchester,170734-4123x02001,3,12,17
273,Jonathan Soto,Charity,Autumnbury,247-993-8111x9057,0,10,17
274,Robin Ross,Individual,East Williamborough,780754-0093,1,19,11
275,Michael Johnson,Individual,Longmouth,0810428712,1,9,10
276,Scott Hunter,Individual,Greenton,0743055053x60975,1,8,16
277,Austin Jones,Charity,Brandonside,601474-8397x472,0,11,15
278,Jay Roberts,Shelter,West Christopher,435815-1380x935,3,16,15
279,Angela Wyatt,Charity,Port Jessica,5929131646x3179,0,12,15
280,Jesse Miller,Shelter,Port Samanthamouth,1420764130x9854,3,18,15
281,Mrs. Kristin Adams Dds,Charity,Lake Christychester,073-764-3235,0,19,12
282,Lisa Pitts,Shelter,Lake Stephenport,001-709-342-3522,3,16,16
283,Edward Cook,Charity,Isaiahtown,990-534-5202x158,0,10,16
284,Beth Sanchez,Ngo,Dustinfurt,8967378178x2821,2,10,15
285,Derrick Curtis,Ngo,Stephaniechester,140-095-1639x5596,2,16,17
286,Travis Hughes,Shelter,Castilloland,905976-6704x97813,3,12,17
287,Jennifer Johnson,Charity,Burnettton,7970971389,0,10,10
288,Christopher Larsen,Ngo,Susanview,146-422-6270,2,9,12
289,Nathan Reynolds,Shelter,Lake Tina,0295226591,3,9,10
290,Karen Brennan,Shelter,Hannahside,6935324960,3,10,10
291,Dawn Thompson,Charity,North Josephland,1419736585,0,16,10
292,Mrs. Emily Smith Dvm,Ngo,Shermantown,348542-4932x868,2,11,15
293,Randy Roach,Charity,East Bryan,888-534-4534,0,10,12
294,Cynthia Horton,Ngo,Jamesstad,5355765970x774,2,9,14
295,Joseph Williams,Individual,East Dale,001-112-513-9413,1,9,16
296,Pamela Santos,Shelter,Lake Michael,8651865350x045,3,12,14
297,Deanna Daniels,Individual,Aguilarstad,001-436-929-2288,1,11,16
298,Robert Burke,Ngo,Marksmouth,9952978023x0932,2,10,15
299,Michael Curtis,Shelter,Alexanderbury,+1-523-687-8881x66849,3,13,21
300,Jeanne Benjamin,Ngo,North Alexander,5950007971x3446,2,15,15
301,Kristina Simpson,Ngo,Melissaport,3752453906,2,11,10
302,Daniel Moore,Charity,Port Richard,176-809-8232x828,0,12,16
303,Joseph Davis,Ngo,Millerport,7798026319x67760,2,10,16
304,Jennifer Ayala,Ngo,Edwardshaven,929015-8411x75681,2,12,17
305,Brendan Vargas,Ngo,Kellyville,9816606741x707,2,10,14
306,Donna Williams,Charity,Calebview,083-313-0990x09518,0,9,18
307,Logan Becker,Charity,North Patriciamouth,+1-226-239-1432,0,19,15
308,Robin Pena,Ngo,Cynthiashire,691-775-8145,2,12,12
309,Bryan Smith,Individual,New Julia,001-127-550-6441x5817,1,9,21
310,Gary Adams,Individual,New Sara,001-323-823-4026x61837,1,8,22
311,Tina Jackson,Charity,Geraldchester,103-002-5677,0,13,12
312,Pamela Morales,Ngo,Schaeferfort,791624-2530x9708,2,12,16
313,David Marsh,Shelter,North Kimberlyfort,498526-5768x31348,3,18,17
314,Kelsey Smith,Shelter,Haleymouth,764989-3036x77897,3,10,17
315,Anthony Harris,Individual,West Aaronberg,811-306-2805,1,14,12
316,Jacob Montoya,Ngo,Meganmouth,6098586366x85166,2,10,16
317,Martha Flores,Ngo,Lake Glenview,5684260750,2,13,10
318,Michael Carter,Charity,Danielborough,+1-149-468-9647x5327,0,13,20
319,Donald Bender,Charity,Andersenfort,262899-6349x569,0,12,15
320,Carmen Barker,Shelter,North Williamview,001-151-284-3163,3,17,16
321,Wanda Wise,Shelter,South Bethanyport,940028-0493x49472,3,17,17
322,Stephanie Mathews,Shelter,North Ashleymouth,+1-852-242-7762x49312,3,17,21
323,Linda Banks,Individual,New Sarahmouth,323-540-9403x92583,1,14,18
324,Kristine Martin,Ngo,Thompsonhaven,4449544127x16438,2,13,16
325,Lawrence Owens,Individual,South Amybury,+1-565-748-7655,1,13,15
326,Douglas Jacobs,Ngo,East Gina,819-072-2490x353,2,9,16
327,Aaron Keller,Shelter,Melissaview,7995680302,3,11,10
328,Carlos Lawrence,Individual,New Justinhaven,2725803538,1,15,10
329,Christine Patterson,Individual,Edwardfort,001-270-907-0981x5520,1,10,21
330,Kimberly Hamilton,Individual,North Bruce,398-486-8232x9944,1,11,17
331,Shane Stein,Individual,Reidton,086799-6277x14274,1,7,17
332,Raymond Harris,Charity,Hammondfort,1731852783,0,11,10
333,Gabriel Vargas,Charity,Chaseview,001-343-254-2598,0,9,16
334,Gina Wu Dds,Shelter,Lake Melindaside,484350-0946,3,16,11
335,Deborah Sexton,Shelter,Victoriastad,899-936-4720x6569,3,12,17
336,Laura Marshall,Charity,East Lisafurt,+1-389-167-7916x81453,0,13,21
337,Jennifer Schmidt,Individual,South Michelleshire,007-561-4094x27296,1,19,18
338,Patrick Zimmerman,Shelter,Thomasberg,913638-9318x024,3,10,15
339,Dustin Johnson,Individual,Gomezmouth,001-171-995-2815x84366,1,10,22
340,John Baxter,Ngo,New William,894-441-9136x66913,2,11,18
341,Anna Buckley,Individual,Murphyfort,4212819097x013,1,10,14
342,Kristina Vargas,Charity,Lake Rebeccaton,3647796707x066,0,15,14
343,Roberto Stanley,Shelter,Melindaview,273299-4177x0763,3,11,16
344,Barbara Velasquez,Charity,Priceborough,669247-4183,0,12,11
345,Eric Ramos,Individual,Rushfurt,5159281587x32812,1,8,16
346,Mr. Mark Knight Dvm,Charity,East Joseph,757-796-7872x2411,0,11,17
347,Michael Keller,Individual,New Derek,000572-1246x444,1,9,15
348,Donna Hughes,Individual,Maryfort,352-520-3779x375,1,8,16
349,Gwendolyn Johnson,Individual,West James,6497149926,1,10,10
350,Sylvia Stanley,Shelter,Jenniferbury,065-230-0281,3,12,12
351,Kerry Jones,Charity,New Christopher,725-779-5651,0,15,12
352,Cody Martin,Individual,Angelamouth,239678-6580x09652,1,11,17
353,Mrs. Stacey Morales Md,Individual,Juliastad,8660509817,1,9,10
354,Kimberly Nelson,Charity,Lake Lesliemouth,009475-3945,0,16,11
355,Brian Hoffman,Shelter,Lake Dillonborough,718753-5421x7242,3,18,16
356,Brian Cherry,Charity,Swansonport,+1-673-372-2010,0,11,15
357,Jacob Orozco,Individual,West Jeffrey,787-834-8225,1,12,12
358,Brian Davis,Charity,Williamsfort,750646-5852,0,12,11
359,Travis Walker,Ngo,West Dan,843905-0785,2,8,11
360,Tammy Boone,Shelter,New Christopher,3017137646x501,3,15,14
361,Samuel Lewis,Individual,North Nicole,001-381-807-5033x358,1,12,20
362,Elizabeth Collins,Shelter,Johnland,601532-8275x383,3,8,15
363,Stephanie West,Charity,North Jamesfurt,001-794-254-5542,0,15,16
364,Keith Gray,Charity,New Corey,001-297-087-3713x91812,0,9,22
365,Melissa Green,Shelter,South John,6216980426x1205,3,10,15
366,Tony Holmes,Ngo,Jaredport,6231314040x0485,2,9,15
367,Ricardo Roberts,Individual,West Matthewborough,371857-1738x24461,1,19,17
368,Debra Murray,Ngo,Duncanchester,566-832-5437,2,13,12
369,Sherry Hall,Ngo,Davidmouth,256-166-3623x2267,2,10,17
370,Tara Johns,Individual,Paulmouth,3741715991x58449,1,9,16
371,William Frederick,Ngo,Port Dean,001-228-551-9866,2,9,16
372,Harold Bowen,Charity,South Barbaraburgh,7326921653x04238,0,18,16
373,Seth Esparza,Shelter,Port Brandonberg,2597616873,3,16,10
374,Ricky Walker,Individual,Port Johnstad,001-066-700-7862x511,1,13,20
375,Melissa Smith,Shelter,Lake Stevenburgh,+1-616-230-5539,3,16,15
376,John Reeves,Ngo,Jamieview,+1-050-306-9244x20943,2,9,21
377,Patrick Campbell,Ngo,Leeton,7058064686,2,6,10
378,Brandi Buckley,Shelter,Lawrencechester,518-742-2945x12087,3,15,18
379,Tara Graham,Shelter,Lake Cory,6178697697,3,9,10
380,Heather Silva,Charity,Lake Ryan,1340826530,0,9,10
381,Yvette Huffman,Charity,Reevestown,8398518386,0,10,10
382,Patricia Stevens,Shelter,Perezport,001-628-479-0049x980,3,9,20
383,Melissa Kennedy,Individual,West Tina,129335-4916x24644,1,9,17
384,Anthony Guerra,Charity,North Michelle,1022227070x5313,0,14,15
385,William Barnes,Shelter,Kellyfurt,257241-0749x262,3,9,15
386,Mary Hopkins,Individual,Tiffanyport,001-476-350-8465x7500,1,11,21
387,Michael Proctor,Charity,Lisafurt,119549-4969,0,8,11
388,Nicole Mueller,Charity,Rachelberg,241-269-1178,0,10,12
389,Kelly Buchanan,Charity,Lake Jonathanchester,106-927-5178x0789,0,20,17
390,Victor Crawford,Ngo,New Brandonton,+1-389-087-5252x62752,2,14,21
391,Regina Munoz,Ngo,Lake Clinton,5859553149,2,12,10
392,Tracy Douglas,Ngo,Gordonstad,+1-084-522-8932x8580,2,10,20
393,Dana Simmons,Shelter,West Jorge,005-720-2323x75794,3,10,18
394,Kyle Kerr,Charity,Sarahville,065853-7158x4157,0,10,16
395,Joseph Davis,Charity,Sherryhaven,426-870-2757x6102,0,11,17
396,Allison Martinez,Ngo,New Amy,945511-1142x655,2,7,15
397,Mr. Robert Rivera Ii,Individual,Bergerport,+1-470-154-5478x4289,1,10,20
398,Alex White,Charity,Port Carmen,226363-8449,0,11,11
399,Jennifer Hughes,Charity,West Donnaton,001-147-430-1204x8556,0,13,21
400,John Byrd,Shelter,West Randall,219313-6702x212,3,12,15
401,Leslie Acevedo,Charity,Lake Matthew,028737-3556x89803,0,12,17
402,Nicholas Mosley Md,Individual,North Manuel,+1-759-332-7128,1,12,15
403,John Collins,Shelter,New Deborahville,001-237-766-3335,3,16,16
404,Marissa Fischer,Shelter,New Kevin,454463-8142x8597,3,9,16
405,David Evans,Shelter,Chambersmouth,316221-9715,3,13,11
406,Ashley Martinez,Ngo,Lake Crystal,151-521-2736,2,12,12
407,Arthur Thomas,Charity,Clarkhaven,001-797-615-8560x7849,0,10,21
408,Jennifer Mccoy,Individual,Morganville,430171-1148x1808,1,11,16
409,Matthew Simmons Phd,Shelter,Brandonhaven,001-040-668-4559x58950,3,12,22
410,Betty Reid,Charity,North Abigail,001-526-626-7117x20926,0,13,22
411,Eric Kaiser,Shelter,West Mikayla,001-493-969-0455x844,3,12,20
412,David Carney,Ngo,Port Dianemouth,001-710-732-1565x428,2,15,20
413,Dennis Schultz,Ngo,New Natalieland,348049-0216,2,15,11
414,Dr. Matthew Hughes Dds,Ngo,Christopherchester,+1-126-714-2290x91321,2,18,21
415,Kevin Blair,Individual,Lake Laurenburgh,887033-5757x4595,1,16,16
416,Ernest Cox,Shelter,Christinaland,061462-4166,3,13,11
417,Justin Santos,Ngo,Rayfurt,9532216291x3146,2,7,15
418,Miss Mary Turner,Charity,North Holly,899-330-2450,0,11,12
419,Teresa Jackson,Shelter,Port Thomasstad,001-620-115-6715x07034,3,15,22
420,Susan Green,Charity,Josephborough,+1-716-778-7428x09975,0,13,21
421,Jonathan Copeland,Shelter,Jonathanview,8360481897x257,3,12,14
422,Tina Bean,Charity,South Tyler,001-877-090-0264x425,0,11,20
423,Christine Bell,Individual,South Edwardburgh,172033-3196x74489,1,17,17
424,Pamela Harris,Charity,Lewisfort,320-562-3060,0,9,12
425,Robert Chavez,Ngo,Chadport,886049-9104x019,2,8,15
426,Jose Rivas,Shelter,Rosaleschester,001-411-455-9848x386,3,14,20
427,Toni Johnson,Ngo,Lake Steven,045229-8601,2,11,11
428,Elizabeth Galvan,Ngo,Lake Karen,+1-896-018-1230,2,10,15
429,Daniel Williams,Shelter,Russellburgh,2886093038,3,12,10
430,April Johnson,Ngo,Pagemouth,540486-0312,2,9,11
431,Mr. Gregory Thompson,Charity,East Douglas,7253485813x15130,0,12,16
432,Julie Brown,Ngo,East Melissaport,544200-6673x39918,2,16,17
433,Michael Dunn,Individual,Lake Kyleside,001-263-994-2712,1,13,16
434,Jason Alvarez,Ngo,South Connorview,107164-5994,2,16,11
435,Whitney Evans,Shelter,Martinezside,001-355-911-9659,3,12,16
436,Jacqueline Turner,Ngo,Robertsport,9378418251,2,11,10
437,Lindsey Lewis,Shelter,West Rogerview,001-610-209-8312,3,14,16
438,Jane Davis,Individual,Lake Joshuaville,001-480-554-8487x778,1,16,20
439,Erika Lopez,Shelter,North Margarethaven,1170271702,3,19,10
440,Alexander Walsh,Individual,Troyshire,001-443-638-7858x7009,1,9,21
441,Cynthia Johnson,Charity,West Cherylland,7160980270x507,0,15,14
442,Natasha Harper,Ngo,Port Sara,474763-3272x81635,2,9,17
443,Brittany Anderson,Individual,Port Michaelmouth,610-921-4134x12104,1,17,18
444,Michael Simmons,Individual,Coreymouth,427-237-3480x5364,1,10,17
445,Christopher Williams,Ngo,North Kathryn,304550-4023x26262,2,13,17
446,Eric Mays,Ngo,Port Deborahbury,555-698-7496x465,2,16,16
447,Erika West,Individual,Mikemouth,4096634270x89860,1,9,16
448,Nicholas Harrison,Shelter,New Timothymouth,0155752106,3,16,10
449,Mrs. Valerie Hartman,Ngo,Port Jenniferborough,1271218776,2,20,10
450,Russell Smith,Charity,New Rebecca,+1-581-575-6141x390,0,11,19
451,Marcus Gregory,Shelter,Hollyside,452490-4054x2105,3,9,16
452,Tina Banks,Charity,Port Judith,986-535-7620,0,11,12
453,Kristen Alvarado,Ngo,Davidport,001-965-776-9092x06414,2,9,22
454,Steven Griffin,Ngo,Cruzborough,5115950189,2,11,10
455,Jennifer Kennedy,Individual,Port Deborah,9581893095,1,12,10
456,Rodney Perkins,Charity,Lake Christina,2914238876,0,14,10
457,Ryan Cole,Charity,Sandratown,001-477-548-6956x3901,0,10,21
458,Michael Vargas,Charity,East Andrewhaven,932466-1933x7047,0,16,16
459,Brandon Riley,Ngo,Powerston,742-364-6134,2,9,12
460,Karen Stafford,Shelter,West Justinberg,040774-3704,3,15,11
461,Tonya Lewis,Ngo,Edwardport,9693197491,2,10,10
462,Timothy Martin,Charity,Lake Adriennechester,0686804383,0,20,10
463,Frank Jackson,Charity,North Jeffreychester,4415046385x08595,0,20,16
464,Richard Parsons,Shelter,Bushbury,+1-781-993-1106x42127,3,8,21
465,Makayla Davis,Shelter,Chrisport,2829299573,3,9,10
466,Christine Ashley,Individual,South William,067618-4352x8380,1,13,16
467,Nathan Gonzales,Charity,East Daniel,5439084807x329,0,11,14
468,David Castro,Shelter,Heatherhaven,7015298611x3352,3,12,15
469,Steven Martinez,Individual,Johnsonberg,772398-6224,1,11,11
470,Edwin Osborne,Ngo,North Robinville,160-605-7945,2,16,12
471,David Fuentes,Ngo,North Kimberlyland,7679660659x378,2,18,14
472,Brian Hill,Charity,Port Dominique,001-468-666-0994x3200,0,14,21
473,Justin Powell,Shelter,Port Sarah,001-823-112-3947x46965,3,10,22
474,Christine Lawrence,Charity,Bobbyfort,936378-6017,0,9,11
475,Kim Gamble,Individual,East Ginafort,076275-8691,1,13,11
476,Jennifer Baker,Shelter,Castilloshire,+1-340-509-3899x3380,3,13,20
477,Jorge Young,Shelter,Lake Rebeccaton,2086783432,3,15,10
478,Benjamin Wilson,Ngo,West Aliciaburgh,522862-6624,2,16,11
479,Karen Reeves Md,Ngo,Lake Mitchellbury,365-174-3809,2,17,12
480,Michael Roberson,Ngo,South Davidstad,8219451712x4447,2,15,15
481,Heather Brown,Shelter,New Michaelport,001-137-622-5038x219,3,15,20
482,Timothy Garrett,Ngo,Andersonview,9075323328,2,12,10
483,Emily Sandoval,Charity,Port Gregory,076-207-0611,0,12,12
484,Mary Harrington,Shelter,Port Jason,773159-6013x005,3,10,15
485,Debbie Cox,Charity,Christopherchester,001-858-989-1478x60960,0,18,22
486,Ronald Brown,Shelter,New Dustin,768201-4672,3,10,11
487,Micheal Peterson,Ngo,West Jeffreyfurt,0943304095,2,16,10
488,Patrick Jenkins,Charity,West Richard,117098-8608x39905,0,12,17
489,Erin Foster,Charity,Jessicatown,104-981-9543x8798,0,11,17
490,Tiffany Smith,Ngo,Port Brandon,1509541064x502,2,12,14
491,Molly Edwards,Charity,Rodriguezborough,3469124779,0,16,10
492,Julie Lewis,Ngo,South Steven,557352-3497x4606,2,12,16
493,Chelsea Powell,Charity,Lake Rachelburgh,001-527-059-4168x72504,0,16,22
494,Timothy Chavez,Individual,Brooksmouth,939046-4362x26066,1,11,17
495,Andrea Meyer,Individual,Christophertown,001-579-575-4238x796,1,15,20
496,Kristina Park,Charity,Langburgh,001-608-542-0101,0,9,16
497,Miss Jamie Gonzalez Dds,Charity,Proctorville,011132-1619x1390,0,12,16
498,Dennis Ford,Charity,Port Derekland,560-838-8104,0,14,12
499,Ricky Harmon,Individual,Port Chaseport,8173998610x569,1,14,14
500,Richard Patterson,Charity,Huynhmouth,1091960030,0,10,10
501,William Davila,Individual,Gilbertborough,632-044-8155,1,14,12
502,Carly Austin,Charity,Connerland,5886969694x7636,0,10,15
503,Eileen Scott,Charity,Lewismouth,834331-4178x57771,0,10,17
504,Michael Williams,Shelter,Matthewhaven,001-511-204-6271,3,12,16
505,Alexandra Owens,Ngo,Bradleyland,9279961259,2,11,10
506,Mrs. Kim Blackwell,Ngo,Port Margaretport,978017-2536,2,17,11
507,Destiny Maldonado,Charity,Carlosfurt,264-754-6432x2877,0,10,17
508,Kimberly Wilson,Individual,Susanville,9903662975,1,10,10
509,Drew Edwards,Charity,Huffmouth,+1-910-217-0650x58040,0,9,21
510,Jeremy Christensen,Individual,Ashleyborough,678-777-3829,1,13,12
511,Kimberly Cox,Ngo,Lake Gloria,628-904-6503,2,11,12
512,Anne Stone,Shelter,Pittsville,468482-9531x7575,3,10,16
513,Dr. Ryan Gilbert,Individual,Sarahaven,5273864611x5297,1,9,15
514,Ashley Bell,Shelter,Olsonland,+1-733-905-4924x97502,3,9,21
515,Misty Downs,Ngo,Robertview,0643596470,2,10,10
516,Gary Myers,Shelter,Turnerhaven,001-669-919-8102,3,11,16
517,Taylor Wolfe,Individual,New Travisland,5163674140,1,14,10
518,Katrina Smith,Ngo,Stephanieberg,5771129949x6527,2,13,15
519,Elizabeth Salazar,Shelter,Paynestad,655147-4123x411,3,9,15
520,Alexandra Jones,Ngo,Lisaborough,9258392741,2,11,10
521,David Robinson,Ngo,Carolinebury,+1-225-576-9253,2,12,15
522,Veronica Robinson,Ngo,East Cynthiahaven,108881-7279,2,17,11
523,William Fox,Ngo,Port Angelafurt,228-002-6281,2,15,12
524,Tiffany Rodriguez,Charity,Ramirezhaven,+1-976-624-2718x90881,0,12,21
525,Michael Dixon,Charity,Rebeccaview,5796325450x933,0,11,14
526,Brian Morales,Ngo,Darinland,409-939-7232x9674,2,9,17
527,Kelli Fuentes,Ngo,East Peter,001-579-200-2768x448,2,10,20
528,Alexander Dean,Charity,New Robert,+1-291-500-3349x3774,0,10,20
529,Amy Perez,Charity,West Jacquelineland,001-692-634-3701x202,0,19,20
530,Lindsay Yates,Individual,Diazshire,+1-988-586-7568x1040,1,9,20
531,Alexandra Rogers,Charity,Paulaburgh,911-326-3274x85954,0,10,18
532,David Sellers Dvm,Individual,South Michaelfurt,4923213443,1,17,10
533,Joseph Knapp,Shelter,New Michael,1170969114,3,11,10
534,Megan Miller,Individual,Anthonyport,2526655472,1,11,10
535,Jane Avila,Shelter,Christinahaven,0329872893,3,14,10
536,Margaret Lloyd,Shelter,Phillipston,+1-551-266-7292x92504,3,11,21
537,Earl Eaton,Shelter,Port Michaelport,0764237778,3,16,10
538,Ronald Norton,Individual,Carterton,+1-311-060-5846x0735,1,9,20
539,Jessica Lee,Ngo,Vasquezberg,1295971071,2,11,10
540,Cristina Curtis,Individual,East Davidbury,504-722-0994,1,14,12
541,Amy Brown,Ngo,Shelbyland,7529563208x04024,2,10,16
542,Savannah Neal,Individual,Ashleeside,750257-4736x9555,1,10,16
543,Brenda Green,Charity,Jacobmouth,001-344-515-4579x388,0,10,20
544,Matthew Wright,Ngo,Port Traci,001-782-074-4708,2,10,16
545,Peter Allen,Individual,Port Kristinechester,+1-487-877-1518,1,20,15
546,Meagan Hughes,Charity,Lake Lance,109364-9434,0,10,11
547,James Kennedy,Charity,South Donaldshire,5439018742x48816,0,17,16
548,Gary Andrews,Ngo,Gonzalezstad,+1-115-368-3340,2,12,15
549,Trevor Lam,Ngo,New Alexismouth,726-277-0665,2,15,12
550,Shawn Gibson,Individual,South Eric,001-268-793-0427x33000,1,10,22
551,Kyle Vega,Shelter,West Alexandra,+1-239-355-7045,3,14,15
552,Jeremiah Jones,Ngo,Shaneport,3223114182,2,9,10
553,Scott Proctor,Shelter,Adamland,998282-2315x7499,3,8,16
554,Margaret Mccullough,Charity,Ortizmouth,888-890-3956,0,10,12
555,Mary Lewis,Individual,Port Richard,+1-443-680-8966,1,12,15
556,James Wolfe,Ngo,Woodsfurt,337791-7990x5443,2,9,16
557,Andrea Mcdaniel,Ngo,Kingville,938395-0602x60948,2,9,17
558,Samantha Salinas,Charity,Rayberg,001-301-396-8153x96235,0,7,22
559,Randy Martinez,Shelter,Brownville,001-788-451-1379x961,3,10,20
560,Matthew Mendez,Shelter,South Meganland,+1-406-192-3141x20799,3,15,21
561,Andrea Morris,Ngo,Hallton,151391-8350x82191,2,7,17
562,Antonio Murphy,Ngo,West Kevin,+1-177-564-0300x9110,2,10,20
563,Brandon Johnson,Charity,Randyville,1501609543x250,0,10,14
564,Justin Smith,Individual,Pottertown,+1-588-874-3231,1,10,15
565,Brian Blankenship,Charity,East Jordanborough,+1-450-291-6223x9898,0,18,20
566,Michael Lewis,Individual,East Kimberlymouth,072-078-1249x988,1,18,16
567,Peggy Knight,Shelter,North Michaelville,293-241-7469x5110,3,18,17
568,Melissa Mclaughlin,Charity,Roberttown,671-908-7777x08364,0,10,18
569,Danny Randolph,Shelter,South Yolanda,0290118582,3,13,10
570,Anthony Cochran,Individual,Port Todd,+1-960-253-0828x4007,1,9,20
571,Lydia Phillips,Shelter,North Hollyland,704162-2429,3,15,11
572,Diana Blair,Shelter,Murrayside,001-632-774-3398x50003,3,10,22
573,William Clark,Shelter,Port Courtneyland,4689527647,3,17,10
574,Mr. William Hunt,Shelter,Barreratown,5648546978x7462,3,11,15
575,Jennifer Davila,Shelter,Hollandburgh,+1-401-371-8447x5866,3,12,20
576,Justin Lopez,Individual,East Stephenton,526153-8449x436,1,15,15
577,Thomas Burch,Charity,North Lori,3908825868,0,10,10
578,Larry Bradshaw,Ngo,Lake Cody,001-843-597-3151,2,9,16
579,Nancy Guerrero,Individual,South Elizabeth,891381-7696,1,15,11
580,Yesenia Solomon,Charity,Port Paulaton,7765870514,0,13,10
581,April Mcintosh,Charity,North Sherribury,925-387-5931x9388,0,16,17
582,Douglas Cook,Shelter,Hunterbury,8724548537,3,10,10
583,Sean Henderson,Ngo,Lake Gregory,5533264934x118,2,12,14
584,Austin Vance,Shelter,Whiteside,074087-1962x83029,3,9,17
585,Mark Lewis,Ngo,Lisaview,+1-894-554-0220x5777,2,8,20
586,Amy Barker,Shelter,North Nathanville,001-806-821-3010x5044,3,17,21
587,Jennifer Clark,Ngo,Spencermouth,+1-862-196-7109x9671,2,12,20
588,Laurie Alvarez,Shelter,North Raymond,463392-9887x42698,3,13,17
589,Nicole Williams,Ngo,West Richard,7277713700,2,12,10
590,Terry Fernandez,Shelter,Mooreburgh,5060527523x43392,3,10,16
591,Susan Clark,Ngo,Beckville,020435-7439,2,9,11
592,Michael Pennington,Charity,South Gabrielmouth,905420-9084,0,18,11
593,Douglas Mann Md,Ngo,North Lisaburgh,3180399487,2,15,10
594,Sheri Johnson,Shelter,North Christopher,2539200751,3,17,10
595,Courtney Whitney,Individual,West Mariashire,001-528-446-7897,1,15,16
596,Natalie Navarro,Shelter,West Carrieberg,001-433-742-6627x972,3,15,20
597,Willie Nichols,Charity,Jonesland,001-117-609-7351x313,0,9,20
598,Alexa Guerra,Ngo,Ariasbury,7691923865,2,9,10
599,Christopher Davis,Ngo,South Yvettestad,+1-496-952-5072x2056,2,16,20
600,Bruce Alexander,Individual,New Tammyhaven,3765012938,1,14,10
601,Peter Gonzalez,Shelter,Biancaton,112578-4601x9811,3,9,16
602,Paul Carter,Individual,Kinghaven,108002-5301x83445,1,9,17
603,Christina Caldwell,Shelter,New Christopherburgh,457874-5807x7325,3,20,16
604,Ashley Hall,Individual,Butlerborough,+1-547-344-3774,1,13,15
605,Tara Johnson,Ngo,East Nathan,9017973598,2,11,10
606,Jenna Bowen,Shelter,Nicoleside,682183-9790x650,3,10,15
607,Sean Wolf,Ngo,Mcfarlandhaven,490913-7034x400,2,14,15
608,Oscar Bauer,Charity,South Nicoleberg,001-874-507-6783,0,16,16
609,Brian Riddle,Shelter,Jenniferbury,1493189525,3,12,10
610,Jimmy Morton,Charity,New Carrie,001-721-348-0570x6158,0,10,21
611,Jeff Rivas,Charity,Mcdanielmouth,6750654290x4573,0,13,15
612,Meredith Griffin,Ngo,Patriciamouth,330818-7400,2,13,11
613,Renee Campbell,Shelter,North Tiffanyfort,1993750653x151,3,17,14
614,Peggy Parker,Shelter,South Waynefurt,643518-3066,3,15,11
615,Rachel Carson,Ngo,Robertside,001-910-852-2109x575,2,10,20
616,Christopher Wright,Shelter,New Kellytown,+1-631-074-8622x827,3,13,19
617,Justin Lee,Individual,Shelleyburgh,1996465303x65771,1,12,16
618,Samuel Mendez,Individual,Andersonland,064431-0381,1,12,11
619,Taylor Estrada,Ngo,Nguyenview,001-351-556-5960x359,2,10,20
620,Cassandra Foster,Individual,West Danielview,283047-5421x9049,1,15,16
621,David Jordan,Individual,Mendozabury,705816-8331x096,1,11,15
622,Gary Torres,Charity,Kimberlyview,816141-2613x8114,0,12,16
623,Phillip Rogers,Individual,Keithstad,6265546466x12045,1,9,16
624,Alvin Day Jr.,Ngo,East Heatherbury,7221278600,2,16,10
625,Paul Lee,Ngo,Stephenchester,+1-874-157-5024x3157,2,14,20
626,Theresa Gonzalez,Charity,Port David,0505686038x358,0,10,14
627,Beth Chavez,Shelter,East Nicole,+1-249-991-1004x0285,3,11,20
628,James Gardner,Ngo,Morenoborough,4052113183x136,2,13,14
629,Andrea Hansen,Ngo,Lake Mary,4075255651x8151,2,9,15
630,Sarah Ochoa,Charity,Vancebury,9182551669,0,9,10
631,Diana Fisher,Shelter,New Daryl,9743914500x152,3,9,14
632,Austin Smith,Ngo,North Marcusbury,219-381-8831x93973,2,16,18
633,Jay Higgins,Ngo,Perezhaven,8809908313,2,10,10
634,Jessica Watkins,Charity,Robertton,3689594075x9286,0,9,15
635,Lisa Marshall,Charity,Johnville,3754231187,0,9,10
636,Devon Burton,Charity,Blakehaven,9071089325x817,0,10,14
637,Benjamin Soto,Ngo,West Garretthaven,8693958395,2,17,10
638,Timothy Browning,Charity,Moralesfort,001-836-247-3024,0,11,16
639,Jeffrey Vaughan,Charity,Cameronfurt,129-365-7408x619,0,11,16
640,Joseph Smith,Ngo,Anthonystad,716-698-3766x7391,2,11,17
641,Robert Jones,Shelter,East Antoniobury,001-480-168-1124x978,3,16,20
642,Sarah Rose,Ngo,New Ryanmouth,247-388-0838x6557,2,13,17
643,Mary Morrow,Ngo,Melaniehaven,001-995-921-9720x7901,2,12,21
644,Deanna Brown Dds,Individual,Fowlerburgh,695147-4833,1,11,11
645,Steven Armstrong,Ngo,Robertfurt,2161559564,2,10,10
646,Maria Lee,Individual,West Juanchester,433729-7840,1,16,11
647,Christine Davis,Charity,Josephton,1443597605,0,9,10
648,Heather Stewart,Ngo,South Lucasview,518-936-4091x169,2,15,16
649,Cory Schmidt Md,Individual,Johnsonville,001-915-535-6309x779,1,12,20
650,Nicholas Peterson,Ngo,West Troyview,001-528-783-1533x9196,2,13,21
651,Rebecca Mcbride,Charity,Port Timothymouth,159421-4100x43055,0,17,17
652,Sandy Ward,Shelter,North Michael,+1-532-646-0437x1719,3,13,20
653,Jason Garcia,Shelter,Port Mariemouth,229-688-4610x87983,3,15,18
654,John Murray,Shelter,Fernandezberg,001-664-004-0117x5796,3,13,21
655,Lauren Golden,Ngo,Michealstad,509120-3093,2,11,11
656,Christopher Clark,Ngo,Port Peggyshire,+1-020-961-4423,2,15,15
657,Patricia Salas,Individual,Port Maryshire,5695147193,1,14,10
658,Frank Olson,Shelter,South Anthonyside,001-996-747-5678x5051,3,17,21
659,Elizabeth Stewart,Ngo,Kempstad,659731-0182x7759,2,8,16
660,James Hernandez Ii,Charity,Kenthaven,001-036-235-2960,0,9,16
661,Robert White,Charity,Petersonmouth,9828389359,0,13,10
662,Gabriel Harris,Individual,Port Shannonhaven,853034-2142x599,1,17,15
663,Michael English,Ngo,Lake Daniel,6123203740,2,11,10
664,Joseph Nelson,Individual,Phillipston,7800327079,1,11,10
665,Felicia Collier,Ngo,Toddstad,+1-113-202-4089x101,2,8,19
666,Meredith Hull,Ngo,Markfurt,575-879-8768x33505,2,8,18
667,Christine Beasley,Individual,Jensenland,667729-4034,1,10,11
668,Maria Singh,Ngo,Brandonhaven,+1-353-127-1876x477,2,12,19
669,Karen Cox,Charity,Davidland,791-759-9054x23904,0,9,18
670,Amber Hobbs,Ngo,Rogersfort,9148645127x8523,2,10,15
671,Cindy Green Phd,Ngo,Sharpfurt,6744184457,2,9,10
672,Janice Thornton,Charity,Allenmouth,646735-9177x4671,0,10,16
673,Shelly Castillo,Charity,Chenview,001-984-641-2359x15247,0,8,22
674,Stephen Harris,Charity,Port Seanshire,+1-163-880-7237x908,0,14,19
675,Robert Day,Ngo,Goodmanfort,001-284-742-4202x15864,2,11,22
676,John Williams,Charity,Brooksborough,057537-1761x52273,0,13,17
677,Joshua Rush,Charity,New Mark,602-694-4031x226,0,8,16
678,Joseph Johnson,Ngo,South Jasminechester,4122028352x6950,2,20,15
679,Alexis Rodriguez,Shelter,South Shirleymouth,748827-8108x926,3,18,15
680,James Lewis,Ngo,Richardton,001-151-287-1850,2,10,16
681,Becky Hernandez,Shelter,Jeanshire,001-950-510-9795x700,3,9,20
682,Paige Lewis,Shelter,Karenfort,150608-5231x697,3,9,15
683,Mark Williams,Ngo,Taylorport,001-520-963-8410,2,10,16
684,Kiara Martinez,Individual,Ellisborough,829-939-8804,1,12,12
685,Angela Knight,Individual,Port Joshua,491-330-2377x936,1,11,16
686,Spencer Roberts,Charity,East Sheenahaven,074-920-1029x14932,0,16,18
687,Danny Palmer,Ngo,North Erikhaven,+1-931-315-8378x838,2,15,19
688,Jeffrey Turner,Charity,East Tiffanyview,001-321-160-3094x50214,0,16,22
689,Michael Murphy,Ngo,Lake Sheilaland,+1-887-843-6402x64812,2,15,21
690,Jeffrey Knight,Individual,Wardshire,207794-8313,1,9,11
691,Brittany Williams,Individual,Christinehaven,0783148173x43041,1,14,16
692,Christopher Stokes,Individual,Joshuahaven,001-305-048-7931x49531,1,11,22
693,Carl Brewer,Individual,Nelsonbury,846-764-5157x7104,1,10,17
694,Rachel Arnold,Shelter,New James,001-087-674-1329x05614,3,9,22
695,Janet Newton,Individual,West Amandaport,930-590-8261,1,15,12
696,Kellie Hart,Charity,Changview,+1-235-589-9126x33112,0,9,21
697,Laura Leach,Charity,Davidtown,5465940771,0,9,10
698,Dawn Rodriguez Md,Charity,New Shauntown,+1-083-624-3293x3668,0,13,20
699,Sabrina Johnson,Charity,East Emily,001-552-124-3791,0,10,16
700,Kimberly Duncan,Shelter,West Monica,001-851-158-2436x740,3,11,20
701,Amber Arellano,Ngo,South Marymouth,+1-718-425-8787x628,2,15,19
702,Rebecca Chan,Charity,West Brittany,279707-3052,0,13,11
703,Mr. Jonathan Williams,Individual,Bruceburgh,606010-6061,1,10,11
704,Jason Lowe,Ngo,Sarahside,0631150253,2,9,10
705,Christopher Sellers,Charity,East Nathanstad,570957-6832,0,15,11
706,Shannon Jensen,Shelter,Lake Kevinport,001-378-570-1120x234,3,14,20
707,Jason Martin,Charity,New Frederickfort,001-501-877-7120x4743,0,17,21
708,Jacob Mendez,Individual,South Jason,818358-6757,1,11,11
709,Matthew Sanchez,Individual,New Stephanie,1310834622x013,1,13,14
710,Eric Carrillo,Shelter,Nicholsonland,001-905-007-8793x1997,3,13,21
711,Mark Carroll,Shelter,Lovestad,+1-762-369-5612x249,3,8,19
712,Laura Graham,Ngo,Mercerport,0968045311x455,2,10,14
713,Robert Moses,Shelter,Port Terry,629870-5299x9094,3,10,16
714,Adam Phelps,Individual,North Amanda,001-586-612-6376,1,12,16
715,Tyler Christensen,Charity,Lake Douglas,306-691-2501,0,12,12
716,Angela Gregory,Individual,Lake Tracytown,817856-6676x112,1,14,15
717,Jonathon Gregory,Individual,Shortfort,040-511-7461x377,1,9,16
718,Matthew Brown,Individual,Port Amberfurt,785-336-0978,1,14,12
719,Brian Oneill,Ngo,East Stephaniefort,423691-4227,2,18,11
720,Jeremiah Terry,Individual,Nicoleberg,+1-095-501-3103x762,1,10,19
721,Ashley Ramirez,Charity,Heatherburgh,604-382-3103,0,12,12
722,Deanna Owens,Ngo,South Mark,865410-9397,2,10,11
723,Lisa Kim,Individual,New Brandyhaven,+1-465-856-2095,1,15,15
724,Randall Ford,Shelter,East Tasha,072037-8421x0768,3,10,16
725,Edward Lopez,Ngo,New Matthewton,683-591-7229,2,14,12
726,Tammy Brown,Shelter,Victorton,+1-244-569-1621x3556,3,9,20
727,Troy Jimenez,Shelter,Port Marc,8292462756x7494,3,9,15
728,Dustin Stark,Charity,Kimberlymouth,716950-4574x79791,0,13,17
729,David Spence,Charity,Port Curtisside,+1-843-006-1807,0,15,15
730,Felicia Glover,Shelter,East Michael,982-844-2370,3,12,12
731,Jacob Scott,Charity,South Jenniferburgh,001-857-216-8483,0,19,16
732,Jessica Shields,Shelter,South Richard,5190925018x2511,3,13,15
733,David Fox,Individual,Longmouth,001-542-800-4782x916,1,9,20
734,Amanda Buchanan,Ngo,Perryton,121-718-4571x61884,2,8,18
735,Kyle Scott,Individual,Reedview,001-980-204-3107x974,1,8,20
736,Damon Schmidt,Charity,Cummingschester,001-695-722-3687x35864,0,15,22
737,James Brown,Shelter,Lake Catherine,152508-8754x91151,3,14,17
738,Matthew Morgan,Charity,Robertton,535512-2781,0,9,11
739,Nancy Jones,Shelter,West Bradley,8064578047x368,3,12,14
740,Denise Lucas,Charity,East Jamesmouth,0067758489x1702,0,15,15
741,Amber Burnett,Charity,Garciashire,901-355-9555,0,11,12
742,Matthew Webb,Charity,West David,001-998-341-9445x0465,0,10,21
743,Nicholas Tucker,Charity,Port Samantha,290071-2070,0,13,11
744,Matthew Deleon,Individual,Danielsview,0069409278x989,1,11,14
745,Jose Vance,Ngo,Lake Heatherberg,2166207837x2021,2,16,15
746,Kenneth Barnes,Ngo,South Lindsay,868434-0244,2,13,11
747,Vanessa Johnson,Shelter,Wilsonshire,151347-7079x5528,3,11,16
748,Bridget Williams,Charity,South Williamview,001-079-347-2416x344,0,17,20
749,Michael Craig,Individual,Moralesburgh,131-489-9950x8143,1,12,17
750,Levi Lucas,Charity,North Vanessamouth,095-763-5392x058,0,18,16
751,Travis Johnson,Shelter,South Edward,785-640-1614,3,12,12
752,Cassidy Alvarado,Individual,Leahchester,+1-825-364-4624,1,11,15
753,Samantha Potter,Charity,Aguilarbury,+1-541-434-4196x086,0,11,19
754,Michael Ford,Individual,New Sean,389-988-8452,1,8,12
755,Eugene Beltran,Shelter,South Samanthaburgh,001-696-616-2431x933,3,19,20
756,Emma Anderson,Ngo,Lake Michelle,001-369-347-5266,2,13,16
757,Christopher Garcia,Charity,North Danielchester,+1-837-555-5633x0883,0,19,20
758,Jennifer Lucero,Ngo,South Theresaberg,386105-5091x35748,2,17,17
759,Kathleen Watkins,Shelter,Hardyberg,435788-4119x238,3,9,15
760,Gina Blankenship,Shelter,Brittanyborough,001-318-721-7199x01418,3,15,22
761,Douglas Roberts,Shelter,Deanstad,+1-988-077-7950x039,3,8,19
762,Donna Chang,Ngo,East Stevenborough,9564962501,2,18,10
763,Karen Williamson,Shelter,Sandovalmouth,857-588-4472x78504,3,13,18
764,Krista Williams,Shelter,Oliverberg,4814373776,3,10,10
765,Joshua Hooper,Shelter,Buchananton,+1-013-463-1430x05130,3,11,21
766,John Reynolds,Shelter,Grahambury,001-062-085-9402x6875,3,10,21
767,Jordan Hart,Shelter,East Julietown,+1-161-753-6365x946,3,14,19
768,Mary Wilson,Charity,Lake Kimberlyton,484-336-3858x53588,0,16,18
769,John Warner,Shelter,Cookhaven,+1-003-320-5395,3,9,15
770,Jacob Gibbs,Charity,New Jesus,806265-1675,0,9,11
771,Emily Gallagher,Individual,Wagnerburgh,4916631678,1,11,10
772,Cassandra Yoder,Charity,Danielfurt,+1-928-766-0621x673,0,10,19
773,Hunter Richards,Ngo,West Victoriaberg,001-581-778-1214,2,17,16
774,Tracy Bass,Ngo,South Jessicaburgh,461-258-4749x956,2,18,16
775,Thomas Nelson,Charity,Donnamouth,+1-227-601-8962x271,0,10,19
776,James Thompson,Shelter,Ronaldmouth,121732-7913x396,3,11,15
777,Julie Dickerson,Shelter,Diazbury,3831382733x067,3,8,14
778,Kristie Townsend,Shelter,Melissaberg,167438-9582x45761,3,11,17
779,James Turner,Ngo,North Mallorystad,+1-700-709-7978x681,2,17,19
780,Jacqueline Johnson,Shelter,Jeffreyland,+1-208-657-1423x44884,3,11,21
781,Jason Taylor,Ngo,Reginaburgh,150-638-0354x9178,2,11,17
782,Timothy Burns,Charity,East Janetstad,262555-7560,0,14,11
783,Monica Phillips,Charity,New Phillipfurt,188-588-9838,0,15,12
784,Jill Harris,Shelter,Josephfurt,039-813-7188x11427,3,10,18
785,Melissa Lee,Charity,Brownport,833194-0479x719,0,9,15
786,Robert Kim,Shelter,Port Gabrielleborough,513-156-7998x53487,3,21,18
787,Rachel Rios,Ngo,Sarahaven,319-104-8885,2,9,12
788,Beth Phillips,Ngo,Zacharyview,293383-2279x8386,2,11,16
789,Laura Robertson,Ngo,Hansonfurt,616-851-6533x67759,2,10,18
790,Stephanie Smith,Charity,West Carrieport,001-028-411-5954x38730,0,15,22
791,David Kennedy,Charity,Port Caleb,001-061-612-9715x40982,0,10,22
792,Tamara Frey,Shelter,Deanfort,976168-5693x615,3,8,15
793,Renee Anderson,Charity,Princehaven,0401324956,0,11,10
794,Lee Nunez,Individual,Andersonfort,4688571870x688,1,12,14
795,Caitlin Cobb,Charity,North Andresport,+1-968-871-4930,0,16,15
796,Lisa Carroll,Ngo,South Jamesfort,+1-223-842-8919x643,2,15,19
797,Robert Becker,Charity,Danielland,0607560612,0,10,10
798,James Estrada,Individual,Westport,001-020-450-8542x5607,1,8,21
799,Adam Moore,Charity,East Josephview,+1-119-080-3260x81212,0,15,21
800,Anthony Garcia,Individual,Brownbury,+1-845-541-9687x513,1,9,19
801,Samantha Simpson,Shelter,West Meganmouth,001-030-832-3866x065,3,15,20
802,Lisa Cruz,Charity,Stevenmouth,372091-7748x36631,0,11,17
803,Joseph Stafford,Shelter,Lake Lindseystad,8127825617,3,16,10
804,Elizabeth Cochran,Ngo,Theresabury,7711350025,2,11,10
805,Sharon Martin,Individual,South Michelleport,8858892008x8858,1,18,15
806,James Miller,Ngo,Lisabury,+1-499-819-6868x6637,2,8,20
807,Taylor Miller,Ngo,Josephside,+1-022-270-5486x316,2,10,19
808,Pamela Finley,Individual,Harrisfurt,001-160-542-5380x55508,1,10,22
809,Karen Cain,Individual,East Daisybury,506-960-4185x0865,1,14,17
810,Cody Meyer,Ngo,Westshire,4151472095x47370,2,9,16
811,Scott Schroeder,Shelter,Markfurt,001-229-042-2531x276,3,8,20
812,Sabrina Klein Md,Individual,Shawhaven,0716154555x80217,1,9,16
813,Amber Hale,Individual,Comptonside,001-750-235-2728,1,11,16
814,Michael Petersen,Ngo,Maryside,+1-454-301-1932x97038,2,8,21
815,James Miller,Ngo,North Dawn,001-359-139-7284x11773,2,10,22
816,Jeremiah Hampton,Charity,South Sheryl,837048-4121,0,12,11
817,Victoria Torres,Charity,Martinchester,+1-624-780-9445x7755,0,13,20
818,Danielle Hayes,Ngo,Andreaberg,1310927379,2,10,10
819,Christina Lambert,Shelter,Delgadofort,6375169143x5014,3,11,15
820,Patrick Velasquez,Individual,West Jacob,606-166-7246x746,1,10,16
821,Jeffrey Wilson,Charity,Davisport,001-245-390-7219x847,0,9,20
822,Aaron Malone,Shelter,East Mark,+1-803-136-6978x6095,3,9,20
823,James Rose,Shelter,East Amandaberg,658-204-7743,3,15,12
824,Madison Myers,Shelter,Cruzland,123500-8333x8386,3,8,16
825,Charles Morris,Charity,New Olivia,006107-4825x44414,0,10,17
826,Mr. Steven Reeves Md,Individual,West Jacquelinefort,+1-263-739-4608x1451,1,19,20
827,John Simmons,Ngo,North Tanner,797-388-6145x650,2,12,16
828,Jason Mcpherson,Shelter,Michaelside,4036934197x409,3,11,14
829,Mr. Brian Fox,Charity,Scottbury,301316-4760x229,0,9,15
830,Jeffrey Cooper,Shelter,Lake Christian,001-877-245-5095,3,14,16
831,Samantha Ellison,Individual,New Kimberly,5224377292x9078,1,12,15
832,Kylie Young,Shelter,Ginaview,9131186244,3,8,10
833,Kelly Pierce,Shelter,West Josephland,3704671150x479,3,15,14
834,Renee Flynn,Individual,South Mark,0935018423,1,10,10
835,Jennifer Wright,Shelter,Lauratown,257556-3261x76228,3,9,17
836,Scott Craig,Shelter,South Lisa,1183826136,3,10,10
837,Michelle Reed,Shelter,West John,1072168815,3,9,10
838,Jessica Stephens,Charity,West Michaelton,358-977-8320,0,15,12
839,Michael Cox,Ngo,North Kelly,001-953-739-5146x845,2,11,20
840,Mary Anderson,Shelter,South Mirandamouth,+1-148-126-0133x15456,3,18,21
841,Brian Reed,Ngo,Amandaburgh,6405649498x1956,2,11,15
842,Robert Stewart,Shelter,New Laura,873-501-6244x4712,3,9,17
843,Glenn Anthony,Charity,Halltown,502-960-7549,0,8,12
844,Andrew Gray,Individual,Lake Dustin,448005-7192x2140,1,11,16
845,Adam Horton,Ngo,Ramosberg,364-423-0076x300,2,9,16
846,Charles Aguilar,Ngo,Johnsonchester,+1-148-261-9107x10033,2,14,21
847,Wesley Myers,Shelter,Meganburgh,285991-7532x0243,3,10,16
848,Terrence Wagner,Individual,Taraside,001-832-246-7583,1,8,16
849,Kyle Johnson,Shelter,Ellisshire,001-887-766-6073,3,10,16
850,Kristopher Mendoza,Individual,Bradfurt,678116-6339x54475,1,8,17
851,Christina Brown,Ngo,Wyattton,983034-7865,2,8,11
852,Jo Martinez,Charity,Port Williamtown,+1-264-342-6012x6505,0,16,20
853,Tanya Lowe,Charity,Crawfordchester,677596-9794,0,15,11
854,Christopher Diaz,Individual,Lorifurt,001-442-106-2480x735,1,8,20
855,Robert Abbott,Ngo,Collierburgh,+1-114-532-8181x037,2,12,19
856,Amanda Brown,Individual,New Larryshire,1763305060,1,14,10
857,Jennifer Taylor,Individual,Lake Kaylamouth,001-024-241-1359,1,15,16
858,Ashley Harris,Individual,Lake Stephenchester,001-680-582-4607x74285,1,19,22
859,Dana Williams,Charity,Cookstad,5259995693,0,8,10
860,James Knight,Charity,Kirkfort,+1-001-504-4343x556,0,8,19
861,Ashley Clark,Ngo,Poolebury,5186226804x900,2,9,14
862,Justin Martinez,Individual,New Erikamouth,697-357-7122x04253,1,14,18
863,Jessica Camacho,Individual,Billyland,190674-9988x688,1,9,15
864,Justin Anderson,Ngo,South Craigborough,+1-967-629-8865x504,2,18,19
865,Katherine Houston,Individual,Lake Joshuabury,935420-0196x9064,1,15,16
866,Jose Cooper,Shelter,Pooleside,083601-2157,3,9,11
867,Tara Williams,Individual,New Dakotahaven,7246108348,1,15,10
868,Kayla Erickson,Shelter,West Lindseyside,2137526967x0263,3,16,15
869,David Mendoza,Charity,North Shawnastad,001-517-864-9061x969,0,16,20
870,Joshua Mendoza,Charity,North Amy,842876-7043x953,0,9,15
871,Veronica Adams,Individual,Natalieside,3857123680,1,11,10
872,Lori Peters,Individual,Annaborough,2706526057x691,1,11,14
873,Darius Reid,Charity,Port Philipmouth,306939-5162,0,16,11
874,Danny Brown,Individual,East Shirley,8293712280x79605,1,12,16
875,Scott Smith,Individual,New Donnahaven,001-376-965-5711,1,14,16
876,Jeremy Robinson,Ngo,Jamesview,001-097-198-3229x7777,2,9,21
877,Jeffrey Stafford,Shelter,North Nicholasborough,4544602468x7969,3,21,15
878,Cory Johnson,Ngo,Port Robertmouth,944311-5766,2,16,11
879,Bridget Hill,Charity,South Emily,868-465-2331x6437,0,11,17
880,Kristen Foster,Shelter,North Ricardo,7492528592,3,13,10
881,Alan Riley,Ngo,Tylermouth,+1-191-620-2120x274,2,10,19
882,Steven Shaffer,Shelter,Rodneyport,799793-9460,3,10,11
883,Aaron Rios,Ngo,New Jeffreyhaven,543-629-4859x81093,2,16,18
884,Mary Evans,Shelter,North Josephmouth,248-457-5683,3,17,12
885,James Hardin,Individual,East Robert,7160356813x982,1,11,14
886,Amber Cruz,Shelter,Allenborough,+1-077-073-1734x206,3,12,19
887,Jean Woods,Shelter,Fernandezchester,+1-688-546-8304x8077,3,16,20
888,Matthew Davis,Charity,Birdview,1367475533,0,8,10
889,Holly Aguilar,Ngo,West Sara,7995062068,2,9,10
890,Joseph Whitaker,Ngo,Jamesborough,001-059-271-8576,2,12,16
891,Thomas Myers,Shelter,North Haleyhaven,579-856-5722,3,16,12
892,Brian Hardy,Ngo,Lake Williamhaven,062642-7542x67155,2,17,17
893,Carrie Hess,Charity,Jarvisshire,+1-828-067-9673x188,0,11,19
894,Tammy Fletcher,Charity,New Adrian,219-550-2711,0,10,12
895,Ms. Deborah Campos,Individual,West Barry,001-579-948-5058,1,10,16
896,Jennifer Smith,Shelter,Josephton,179-728-0744,3,9,12
897,Shelby Rice,Shelter,New Loriberg,+1-213-470-2112x7474,3,12,20
898,Emily Ramos,Shelter,East Michaelview,033-795-7197x362,3,16,16
899,Rachel Pena,Ngo,Grossport,523668-5935x836,2,9,15
900,Hannah Reynolds,Charity,East Kevinberg,731-040-5330x77836,0,14,18
901,Donald Caldwell,Shelter,Dawsonberg,001-191-071-2217x6177,3,10,21
902,Michelle Riley,Ngo,New Juliaton,001-012-497-9466x8873,2,12,21
903,Cindy Robinson Dds,Shelter,Franklinview,4186239588,3,12,10
904,Amanda Kline,Shelter,East Travis,001-265-376-3204x275,3,11,20
905,Ann Odonnell,Charity,East Michael,926345-7660x29567,0,12,17
906,Christopher Gonzalez,Shelter,Payneland,+1-510-241-2999x765,3,9,19
907,Jamie Jenkins,Ngo,New Melanie,001-676-903-9528x783,2,11,20
908,Abigail Crawford,Ngo,Lake Shawn,010152-8668,2,10,11
909,Matthew Cordova,Ngo,Rubioborough,001-905-589-8944x09730,2,12,22
910,Tina Donaldson,Shelter,Lake Brandibury,736-446-4714,3,15,12
911,Devon Martinez,Individual,Jessicaland,861258-2469x860,1,11,15
912,Katelyn Proctor,Charity,Williamsborough,001-949-271-7461x8101,0,15,21
913,Jeffrey Jones,Ngo,Kennethmouth,2972292136,2,12,10
914,Jeffrey Walker,Individual,Woodardview,0284721603,1,11,10
915,Deborah Garza,Shelter,South Alanville,695-589-2656,3,15,12
916,Lindsey Mathis,Shelter,Ianland,8165585061,3,7,10
917,Michael Townsend,Shelter,East Kevin,0348038502x33851,3,10,16
918,Katrina Cruz,Charity,Jenkinsfurt,709-191-5616x88772,0,11,18
919,Sarah Brown,Shelter,North Christina,001-119-880-7367x9899,3,15,21
920,Gregory Rodriguez,Charity,West Davidview,6716671616,0,14,10
921,Kelly Walls,Individual,Lake Victoriaton,857-517-5280,1,16,12
922,Savannah Holland,Individual,Kelleystad,4876887575,1,10,10
923,Victor Diaz,Shelter,Darinview,5619230470x922,3,9,14
924,Sarah Roberts,Shelter,North Janetland,001-513-459-3188x9757,3,15,21
925,Cassidy Davis,Individual,West Donaldmouth,001-815-359-4471,1,16,16
926,Kimberly Ware,Individual,East Sheriton,001-078-266-0266,1,13,16
927,Mary Escobar,Individual,Gloriaview,663863-6846x9153,1,10,16
928,Barbara Richards,Charity,Carlostown,524-811-9365x51761,0,10,18
929,Donna Terry,Charity,Mathistown,104858-7570,0,10,11
930,Joseph Smith,Shelter,Dunnbury,9099131799,3,8,10
931,Rhonda Lewis,Individual,South Michael,001-068-151-1254x26821,1,13,22
932,Justin Stevens,Charity,South Mary,001-756-051-1371x9827,0,10,21
933,Jodi Lee,Ngo,West Paulfort,3517962649,2,13,10
934,Dr. Wendy Terrell,Charity,Erikashire,566-236-8791,0,10,12
935,John Harris,Ngo,Riverafort,+1-827-545-0294x5697,2,10,20
936,Jacob Horton,Ngo,Port Douglasland,+1-286-744-5283x04031,2,16,21
937,Mark Ward,Ngo,Port Jonathanton,0384311430,2,16,10
938,Matthew Thornton,Ngo,Hayesfort,1084069823,2,9,10
939,Chad Vaughn,Charity,Lake Brandonborough,565199-2977x36531,0,19,17
940,Lynn Lucas,Charity,Elizabethberg,689-129-0146,0,13,12
941,Jessica Boyd,Ngo,South Heather,001-758-410-5626x844,2,13,20
942,Earl Hess,Charity,Rodneyborough,009175-1556,0,13,11
943,Rebecca Lucas,Charity,New Jessicabury,7214463873x3399,0,15,15
944,Sharon Wood,Charity,New Melindashire,5282176863,0,16,10
945,Alex Leon,Individual,Caitlynhaven,667114-0630x55873,1,12,17
946,Taylor Mann,Charity,North Lawrence,001-766-748-2534x468,0,14,20
947,Debra Webster,Charity,East Debramouth,930291-9053x13757,0,15,17
948,Thomas Castaneda,Ngo,West Ashleymouth,1825044729x4296,2,16,15
949,Allison Pennington,Individual,North Lydiaberg,+1-586-713-6798,1,15,15
950,Caitlin Bennett,Ngo,Delacruzborough,351050-3132x9588,2,15,16
951,Brittany Mcclain,Individual,Robertville,811036-2093x7533,1,11,16
952,Sarah Morgan,Charity,Gilbertfurt,+1-630-809-8000,0,11,15
953,Tina Anderson,Charity,Port Jonathanhaven,102-168-5649,0,18,12
954,Mark Russell,Ngo,Nathanstad,381175-3680,2,10,11
955,Christopher Wong,Charity,Jacquelineshire,745135-7397,0,15,11
956,Jacqueline Fernandez,Charity,Kennethside,+1-573-412-8522x8213,0,11,20
957,Angela Hall,Charity,Greenville,2576243615,0,10,10
958,Scott Brown,Individual,Oneillland,001-879-448-7571x7987,1,10,21
959,Samantha Gomez,Charity,Suzanneton,001-955-495-8534x09912,0,10,22
960,Jason Hughes,Shelter,Myerstown,851-627-0395x00955,3,9,18
961,Tyler Gray,Ngo,West Dustinberg,374850-8848,2,15,11
962,Donald Anderson,Shelter,North Stephanieborough,+1-224-951-1888x539,3,22,19
963,Victor Ward,Ngo,Johnhaven,628-048-2026x3385,2,9,17
964,Donald Moore,Individual,Davisfort,001-742-164-8768x9906,1,9,21
965,Ashley Silva,Ngo,Port Thomas,553048-3123x8350,2,11,16
966,Sheila Lang,Ngo,Lake Larryborough,001-585-286-2289,2,17,16
967,Samantha Sherman,Individual,Port Cindyberg,659277-6748x37772,1,14,17
968,Mr. Joseph Herring,Individual,Mariefurt,8390442094,1,9,10
969,Leon Foster,Ngo,Bennettton,198-936-9076,2,10,12
970,Brandon Rice,Shelter,South Benjamin,+1-563-122-2255,3,14,15
971,Teresa Estrada,Individual,Mayburgh,320-778-4104,1,8,12
972,Patricia Joseph,Individual,Lauraport,611-927-6696x43169,1,9,18
973,Brian Johnson,Ngo,Patrickfort,001-751-479-5501x9929,2,11,21
974,Mark Miller,Ngo,North Joshua,0113611154x694,2,12,14
975,Danielle Bullock,Individual,Amandafurt,888253-9476x2056,1,10,16
976,Tammy Patrick,Individual,Clarkton,001-671-552-9014x817,1,8,20
977,Pamela Scott,Charity,South Paul,310-642-0442,0,10,12
978,Adam Evans,Individual,Lake Sonya,484-398-0067x44415,1,10,18
979,Rebecca Wright,Charity,Teresastad,+1-707-387-4410x419,0,10,19
980,Elizabeth Fisher,Shelter,Carrborough,298908-3776x9550,3,11,16
981,Dawn Jennings,Shelter,Port Cody,085-759-6512x5392,3,9,17
982,Thomas Villanueva,Ngo,Gutierrezmouth,001-338-603-9644,2,14,16
983,Joanna Black,Ngo,North Jacobhaven,7819505825,2,16,10
984,Steve Kirby,Charity,Travishaven,8151958711x59256,0,11,16
985,Thomas Sanchez,Ngo,Rodneyfurt,2315921072x512,2,10,14
986,Rita Kane,Shelter,South Jamie,+1-347-306-2056,3,11,15
987,Becky Smith,Shelter,East Renee,7907087489,3,10,10
988,Kristi Rodriguez,Charity,Nielsenberg,3498645409x08379,0,11,16
989,Timothy Bradshaw,Individual,North Laura,451-260-5312,1,11,12
990,Patricia Hardy,Shelter,Thomasport,0766873532x03467,3,10,16
991,Lindsey Wagner,Shelter,Jessicaburgh,401052-7584,3,12,11
992,James Curry,Individual,Port Johnside,223043-8999x392,1,13,15
993,Alexis Hayes,Shelter,Matthewmouth,543-812-0534x6473,3,12,17
994,Angelica Simmons,Ngo,Port Kellifort,902942-8232,2,14,11
995,Brittany Taylor,Individual,Andrewsport,296-568-7106x4981,1,11,17
996,Matthew Curtis,Shelter,Lanechester,127-889-4442x1289,3,11,17
997,Amanda Cain,Ngo,New Steven,+1-001-491-5601x5316,2,10,20
998,Theodore Briggs,Individual,South Sandra,930-609-9442x5031,1,12,17
999,Cheyenne Ramsey,Ngo,Lake Jeffery,001-326-320-4816x15300,2,12,22
1000,April Miller,Shelter,Shelbychester,894-873-2652x23999,3,13,18
